WorkerId,RandomId
A2Z62ONV0T3GSM,353434d9-b1de-4dab-bbd3-d1256536e474
A18AIG4L4EEO11,fe4c62b6-7d0d-490d-86cc-e3c73237adc5
A15YZDH485TNOY,354f698b-d620-4738-b7d1-db4e25406126
A1XIFPI36695GY,f74322a0-b00a-4244-8d0e-2718138fae69
A30MKFX1YVHS23,ae48cd32-fce2-47d3-9b57-4aacd7189da0
A254ISH2VOKFVD,1eb88630-614d-4cec-95f5-ce4257ce2593
A1S34BUFNQ33SQ,a3a30eb2-72d5-41ab-a564-1fc75bb81bec
A2FQYXUQ7F8IKK,fbd33254-7e09-46eb-8a0a-aeb377c1a80f
A3HBQMBW7XGZUM,257cea4a-97d6-412a-a8f3-7f2387fb9642
A1XVYOL52UT8T9,2c01a543-34b7-424d-b94d-bbfa7c79c9c4
A38OOGMA0M6KFC,5fd8cf4b-bd44-4758-a5dd-0bd86d9bb60f
A1U0D1UQX1CPF7,22a9c2bf-8e74-4197-ad24-692e865f8fb3
A2CAN3PX6U6W72,c805efa6-7707-46cd-a556-8b6e89b8d48e
A29LX929VU8IU7,1fb7dce0-049d-44f8-b323-568cedbab29c
A1TZT6IH99DO6Q,6814a784-fa1b-45a4-a256-f85f1f2a1f0a
ANGX5PAAYGL9P,13252581-9757-4145-b78c-d6e24c3c59db
A3MELQD1PGDF3R,87cde246-1f4a-4789-8bc9-7525a9a7d93c
A3UWM3KJYEL5XU,1d30e35d-eb14-4b29-87e1-2af8c7989b5e
A1Q8L9UA8SAPIQ,bbbe537f-3b46-48cc-a13a-b97482fcc891
A2QN0EGBRGJU1M,b921be43-4c61-4371-98a3-b22909071dea
AS3BSFKKBAN8J,bbdfd39c-36e7-421d-9ead-5e1854cc28ff
A3VLXMS7W75XX4,1b885069-a793-41bb-8c4f-83094234e294
AQGM0A2TCN5DD,e55fc8f5-47aa-4648-a604-471bcb57e0db
AQ7RNVB2GZKUZ,26d750d6-0149-4050-a75e-5e11690190a2
A2TTVXF41OSOG,e17a2b45-d723-40fc-8f03-420c5fb8ca68
A2VX8B1CJXRN2,8cbae52a-e57d-4f9e-b9b0-832c4d455718
A7KQGI8DXI2ZQ,91b90625-5a97-4076-8e37-3ee9fd1e1969
A2YFPO0N4GIS25,943099e0-cbe4-4dd5-9867-c2e06b40c76a
A389TXR3TXN3NM,8cf799fa-7be1-4efa-b2f6-3cbc09a519d2
A149ROBL26JWPJ,79055029-3ee7-4cc4-8506-02940f463e93
A1KHK2C32M9BER,f8fd75ac-0661-4c27-817f-862eae8ef15c
A2320CPQ1Z77MU,d4ed3b7d-aa7c-4aee-a2fd-ab97d5ab0480
AYNNRMFM0M4J3,19284056-b9fc-43ac-a489-d7797b267d87
A3NH3DYXA6U9RY,52769a9e-4d1c-4565-a22e-7c031b947a51
AL1RAAKVG9FJ2,f9ae2a54-48c0-44c7-b4d6-1211889491b2
A11A47ZMNZTJDH,032c2a9a-b72d-410e-8f3f-fa1e2d2691a4
A3VAX2NYGYMTP8,9b0be8c9-2b7c-4813-9d4c-c815235ee379
A15D46K795J9H0,41b7578c-7293-4e4c-8a87-e46588569ea3
A2SYRFPPV9WDEG,817fa062-b5b5-4faa-a4af-1f9e854b5648
A5WT9A94RVBYP,396d5cb8-4c78-4ae5-bfae-e97b19991813
A1TW60NCALLP12,9ea72212-1e14-4403-b8b5-3e02755af0c9
A3S5QPOWGMZS07,bbd33765-b211-489f-bdf6-c0c372f3f08f
A19T47XU4F2ZTD,a075b70b-e025-4122-bc7b-d374ab77d816
APWBUB0PDRLS5,0510d505-abf0-4195-b239-b3484ab4dafa
A3FW9NWR6TJ4M9,1fe86076-5565-452a-a99d-56e6a9747703
A18ZD7MH7CXE2T,4281ad3b-55ba-47a9-8557-b4ee7643c6d1
A1WWO1825Y43V2,f463fb80-19b4-45bd-8567-b120f5896aba
A254V0U3BGBPE5,09df5024-f9d4-47f6-8819-9a82082dd1cd
A3NQLS6PT2HM2Z,137d0336-4c53-48ff-95ee-47289d5e8c5d
A3F59NXYBYXJCE,28acd3af-b2c6-4afa-b31b-2b04d0340505
A1CIF08LYU5XMG,8212f0af-1fe8-420b-94dc-92f8dc3ff97c
A39EXM5OG3J5X8,3e34d685-7314-4283-a5b2-67aa36cc674d
AO07NDU5XFGC8,6f41bd03-9724-4c91-b2e7-0ab05dc405fe
A2V68RNQVUAY70,0598f7fc-cd11-418b-aab5-1888ce10961b
A3T1ZDLZ2R5X66,c3840614-746d-4b36-a3aa-8b7db741cf71
A3HPVFAF1U9WXK,4e810b2a-7a6f-459e-b896-79ed1130d5b8
A11F04H8R8SIRD,e34cb180-0179-4917-9931-5bfd769d5238
A1PRVVISZ1C6CQ,493774ac-7710-4068-ae88-dfc60e88797d
A1NYVI1F85FGCC,d3d0889b-1e31-49d3-8a81-07b40a99c05e
A2IYAOQ0BY5EYD,d7f6ffc9-b673-4b5f-9bca-a9294835da61
A26O058S4R4JPX,c9412258-8f3a-42db-99a6-4532e4aa5cdc
A37WXDYYT7RCZ0,3c4ee935-2beb-414c-b4b5-17ecb95b62fb
A1NPEJ07B2F5I5,7e92c292-6ce4-47ef-b445-e1478dbff677
AO4ZHD0B9KUNE,6546d04f-f7f6-43f1-9d53-6f50f869a6f2
AXSGIL6F65CRM,d110f6b3-d13c-4e9f-8140-a3664c161102
A3IH4TNZSWEZWG,8d46e1b2-e12e-4562-9da3-4d04688788dd
A197EXGCMR52KI,6f6f7cca-2cde-43a2-99a2-89fcd3ad347b
ANTBIVEMQ1D2F,c34b4d4e-9cf8-4a44-8108-4abb9815807d
A28L1K6D8QUCML,e21eacf2-32c2-4a73-b194-a0ec90a18267
A12TU2HMTI4MHN,55fab6b3-545c-46b9-8b8e-3cc335bbe232
A19BNR0HVICIT3,c52f2c72-ca5d-4fcb-85b4-80c2d376e7a4
A29U054VG6FNAB,be1f1b9c-1a81-4ea9-82b0-7742eaa5f497
A30NI1VJ5ME67A,a5088e2c-b034-40f4-bb82-171eadd1965d
A1BNZYZSOTHCTF,229323be-9e60-4978-851d-09fa9e158e2e
A1FUBGE9CHDHU6,dd40b6df-b92b-4a46-913e-699e38c28083
A3H91IK5ZBIBYN,57078870-4679-41a2-a64d-81b6902fffa7
A1WL7S1G00PUDX,9aab356f-d13c-48ae-87b0-b3975d80aa97
A3AJLUNBK4EU68,9eb9059f-f06d-4188-99df-0903c7e3074d
ADUEEQRF8VTZD,3c78fe58-4f12-452f-9e09-b017103c6d6c
A3RF5Y6M8IIKS,693a9b99-8ea6-4be9-9af6-25c58980d4fb
A24QSO0ZGQNMRF,49e50eeb-68bc-478b-b212-604d4ccb0e90
A1159C6RKPZURE,a294593f-3962-4166-81af-b0db48d1da93
A21CTVLY9GLBYP,ae607664-572d-46b3-bae3-3bcbd306594c
A3E2VAZSIUA2LU,e2c33630-f6ee-4d05-8b59-496182e04941
A33Z7FOVD97KVP,cff1e9ba-180a-4dda-aa64-4d29d527be0e
A2WFNPUI1JSPG4,1a683203-8165-4290-8367-f2fdd455cb9d
AX5RAD2CUCUO,60529390-246f-42c5-9adb-46f09a84b358
A1HKZNEWJKL42,1be3450f-19fa-409b-b487-640e660c4324
A109CH3492UU42,8beb4477-2122-453f-98e1-2bf930b3e0b7
A12SMSQ6D5227J,ae29a8ad-0b86-4924-a36a-3819076118db
A1SLVVDRP7TGM8,1d069ecd-a922-4b8b-b433-6b0cc27a82ff
A1UH396UOK0X9Z,04c02316-88d4-4b7f-abc0-cc0cf5f11aaf
A2ENT5A8JF9001,9c7cd583-9bed-46e4-bc7b-0aec95da5cd4
AYPTO6D8MUCTP,0d1cff2d-9dbd-4581-bd5e-31463fbe7aa9
A1K393V9WW30IA,4096cf7c-b9b4-4dea-bf07-dc8f4f677bf3
A22OU445FGNAIC,a0e9975c-4377-42cf-b838-ffe6d85c15da
A1R6FYT8E0VYNV,04ec92f2-b114-41f6-bc5a-10c412439343
A2DK4H4O5HHRM7,26fc9836-85ab-4dc4-99d5-35d8e09aab25
A34ZHROFSVEF6V,e9fb529f-8cfd-4ba3-8bf4-e3cbaf10d5ad
A1F4D2PZ7NNWTL,9b705985-2c2b-4190-9377-aa6dca1107aa
A31WK21KGB3DDC,9ba40b61-44a6-4988-b4c4-ff77e71590cc
A263S1B458TZEH,3774bb40-9980-4916-83ee-6059a3c16bb2
A211THUS2EI4OI,6b5d56a1-1de5-46c5-9d32-861b56aa1dc2
A312BVGKE6BAS5,689ffb5e-3f95-4256-8bf6-d321ebf8e300
A1DDMH7ZRC2TA1,76b40077-d922-4cc3-a04c-c53afc80c0e0
A3TXO6RKFIDFUV,887f6c7e-dd8d-4755-b415-5b849fed6ecf
A1PFL5FAOIB7RK,13d21b33-d4f1-48c3-a4b4-e464feddc0c6
ACWYF9Z50PCA9,d7915184-b3a9-4584-95c8-c0ba25022a48
A1EWQ6YCM8CO0E,e79171a3-dc86-4be7-8612-458e1e4e5590
A37M4OVE9R80G,83b75de7-77ac-4271-a89e-7d9680c1da6c
A2ZZ27NTRMAB75,cba1db67-8dc2-4851-87db-b5b66fdcc513
ALD60D8D5BKA2,c5b2c297-6ad9-48bb-b826-150bee7764e1
AULC5HR1BBHMA,2b1bd189-a599-4648-b877-d52073186340
A3C8KN9HKGGZKG,e8230491-ce2d-4c3d-98cf-f07229f577f1
A32CMQGGTSUK6Z,176dac10-fc77-4a7b-8543-1fe302acb336
A3RJ8NZQ8BRTZM,add709e5-f9ea-456b-91a2-195994a31c8c
A1Y3Z92RE62NPS,88f4596e-cde0-44f6-bb3d-87c2c4a10c28
A14EQOTF415OT2,573f663c-f3e6-4225-9821-585df0a1e1f9
A15NH461BKAYCX,d4042c7c-c8b1-47e6-be5d-7df955fd4431
A1SFABJ4NX5DFY,a2aa219f-7242-4c2e-9234-90374d0601f5
A3J47DDWJ0NCXD,94b3a7fe-e769-4ce3-83b7-92678441b897
A20EQ51KB5GU7B,654f975d-0e43-4419-850f-c1f7f90ddf8d
A1GJY62C2B7SSU,630380d5-47ef-405d-a978-3fd7fdedde01
A3G00Q5JV2BE5G,f9b1bb35-73c0-481a-9e71-2d2bbc55ddda
A1NYOGBQSC5SFK,9fd23b07-8337-4d09-a145-6e3b1ffb60f0
AZOAW8JH5HJJK,b00163ad-6fa1-410e-a6ce-1d155dc79602
AW9983V6TUGF8,75fb88ea-d814-48ae-b00a-75afb22dc402
A1T8EFHGSEE3RD,042a3fd1-13fb-4d9a-8e47-e891cbfa4277
A3POFFZMZZ4892,a72e2855-1055-4067-b400-985df2e0076a
A2QQY4S73JO639,49198781-5892-4736-a69d-d4d87ebfbb88
A2669ZEHAN1ZA7,39be42cf-7473-4afb-98ce-0aef330be1b8
A2TY3D71ET67NT,eb088f21-8773-4277-8188-70efb304fc6f
A1FE99W26464IW,5e500976-9f9e-469e-8a2d-8d9c664e7873
A2ZDBGM5Z340X4,fcd4e4c3-e602-472c-afe3-90604bc5b96d
A38RBBFY4UF47O,aa8ff6d5-b23c-4e0c-ad65-6bedff56b36c
A2FDO1SXGHAU97,afab2022-c3bc-437f-b766-47cbc65b0b92
A14CLZWROI8UCS,b96192e7-3ad3-4781-a18f-bf21fb1184f2
ASZCID1N7JHB7,c1987365-86c3-4c24-8700-6c0d803de3da
A2OK57Y4D4TDTK,f94b2055-255b-4432-a28f-55de4285eb40
A1GTRY6DNSNLCL,cd7ece93-407b-4957-aa0b-fb56a8ce4f77
A37AJI03M37NPJ,10c5ea76-8027-46bd-b708-46792531c7bc
AR8RHJPZ56OBD,2a6360e6-71f7-42e4-9a5c-bae453cd70c6
